{
  "users": [
    {
      "passphrase": "Fiete",
      "data": {
        "rememberedCourses": [
          "197dd5cd-96a1-48ac-a859-c066a10e62a6",
          "92202b66-b317-4d80-a177-b586e1d043c2",
          "8de81e29-397a-4bb5-9e0c-c91694eec6f1",
          "0bc03d27-14cf-4464-bfd9-fc28200f0dd1",
          "78a6e37e-c533-4e99-939c-d49a63a8b99d",
          "c0e1aa12-0892-4545-b4f8-014d7c93ec67",
          "5531a394-17f3-4fcd-8550-66cca745cb87",
          "bcfb05e7-d297-4403-9fcc-afb57edc7f0d",
          "d9eb0209-f554-48dd-b375-400e006ac964",
          "65703540-3afb-44f3-9882-16d4ede7ff7a"
        ]
      }
    },
    {
      "passphrase": "Feephe",
      "data": {
        "rememberedCourses": [
          "63415499-1cce-4221-b3c8-fcc364f51e4b"
        ]
      }
    },
    {
      "passphrase": "Nifa",
      "data": {
        "rememberedCourses": []
      }
    },
    {
      "passphrase": "Itap",
      "data": {
        "rememberedCourses": []
      }
    },
    {
      "passphrase": "Unug",
      "data": {
        "rememberedCourses": [
          "f2e63ad4-7324-47b7-9fee-6790ace92cfd",
          "1b028075-cb44-45ba-a239-b0216d739aa0",
          "25f70157-1bf8-4b9e-9c14-ffc654d7bb09"
        ]
      }
    },
    {
      "passphrase": "Jofa",
      "data": {
        "rememberedCourses": []
      }
    },
    {
      "passphrase": "Nuque",
      "data": {
        "rememberedCourses": [
          "c1f9b75a-f8ad-4e4e-8aa2-a45f57cdc014",
          "33d17f16-1144-413f-a912-5831702cadd9",
          "fbac6bda-ced2-4087-acea-9c319a0112fc",
          "e3284edd-3b48-4284-850c-927c7167d85d",
          "85ddf776-eeec-4658-9e7e-fdd802cfb36d"
        ]
      }
    }
  ],
  "count": 33
}