{"data":{"data":{"semester":{"name":"WiSe 2019/2020","courses":[{"type":"course","_id":"40d60007-27d1-45e8-aaa0-4cd2c1406b7f","attributes":{"type":null,"title":"Gestaltungsgrundlagen Atelier: Grenzgänge - Farbe zwischen Kunst und Design (Farbe II)","teacher":"Eva Niemann, Meisterschülerin","semester":"","graduateProgram":"","module":{"id":"PO 2013 11At-F","name":"11At-F Atelier Farbe ","category":"I/1 Gestaltungsgrundlagen Atelier"},"time":{"firstDate":[],"fixture":{"begin":{"minutes":{"value":"00"},"hour":{"value":"10"},"day":{"value":5},"String":"Freitag, 10:00"},"end":{"minutes":{"value":"00"},"hour":{"value":"15"},"day":{"value":5},"String":"Freitag, 15:00"}}},"room":"D/323","descriptionText":{"type":"html/md","value":""},"maxStudents":0,"credits":"6","workspace":""},"included":[],"request":{"type":"GET"}},{"type":"course","_id":"6e56f625-7ebd-4f3d-b701-b79b0aad1a9a","attributes":{"type":null,"title":"Gestaltungsgrundlagen Atelier: Figur und Raum","teacher":"Frank Gottsmann","semester":"","graduateProgram":"","module":{"id":"PO 2013 11At-Z","name":"11At-Z Atelier Zeichnen ","category":"I/1 Gestaltungsgrundlagen Atelier"},"time":{"firstDate":[],"fixture":{"begin":{"minutes":{"value":"00"},"hour":{"value":"09"},"day":{"value":2},"String":"Dienstag, 09:00"},"end":{"minutes":{"value":"30"},"hour":{"value":"13"},"day":{"value":2},"String":"Dienstag, 13:30"}}},"room":"D/323","descriptionText":{"type":"html/md","value":""},"maxStudents":0,"credits":"6","workspace":""},"included":[],"request":{"type":"GET"}},{"type":"course","_id":"574e1ad4-3c73-4467-a0be-cde161a02003","attributes":{"type":null,"title":"Gestaltungsgrundlagen Atelier: Design-Sketching","teacher":"Dipl. Des. Johannes Cremer","semester":"","graduateProgram":"","module":{"id":"PO 2013 11At-Z","name":"11At-Z Atelier Zeichnen ","category":"I/1 Gestaltungsgrundlagen Atelier"},"time":{"firstDate":[],"fixture":{"begin":{"minutes":{"value":"00"},"hour":{"value":"10"},"day":{"value":1},"String":"Montag, 10:00"},"end":{"minutes":{"value":"00"},"hour":{"value":"15"},"day":{"value":1},"String":"Montag, 15:00"}}},"room":"LW 226","descriptionText":{"type":"html/md","value":""},"maxStudents":0,"credits":"6","workspace":""},"included":[],"request":{"type":"GET"}},{"type":"course","_id":"ca800d10-be57-4775-b0c0-ed3450494185","attributes":{"type":null,"title":"Gestaltungsgrundlagen Atelier: Kopf-Hand-Fuß","teacher":"Frank Gottsmann","semester":"","graduateProgram":"","module":{"id":"PO 2013 11At-Z","name":"11At-Z Atelier Zeichnen ","category":"I/1 Gestaltungsgrundlagen Atelier"},"time":{"firstDate":[],"fixture":{"begin":{"minutes":{"value":"00"},"hour":{"value":"14"},"day":{"value":1},"String":"Montag, 14:00"},"end":{"minutes":{"value":"30"},"hour":{"value":"18"},"day":{"value":1},"String":"Montag, 18:30"}}},"room":"D/323","descriptionText":{"type":"html/md","value":""},"maxStudents":0,"credits":"6","workspace":""},"included":[],"request":{"type":"GET"}},{"type":"course","_id":"a6063968-5168-4a5b-a1a2-c49d1fbb89bc","attributes":{"type":null,"title":"Gestaltungsgrundlagen Atelier: Bunt oder farbig? Chaos und Ordnung der Farben(Farbe I)","teacher":"Eva Niemann","semester":"","graduateProgram":"","module":{"id":"PO 2013 11At-F","name":"11At-F Atelier Farbe ","category":"I/1 Gestaltungsgrundlagen Atelier"},"time":{"firstDate":[],"fixture":{"begin":{"minutes":{"value":"00"},"hour":{"value":"09"},"day":{"value":3},"String":"Mittwoch, 09:00"},"end":{"minutes":{"value":"00"},"hour":{"value":"14"},"day":{"value":3},"String":"Mittwoch, 14:00"}}},"room":"D/323","descriptionText":{"type":"html/md","value":""},"maxStudents":0,"credits":"6","workspace":""},"included":[],"request":{"type":"GET"}},{"type":"course","_id":"6c8ad5b5-12ef-434f-a326-c132761607cc","attributes":{"type":null,"title":"Gestaltungsgrundlagen Elementares Gestalten Basics- Grundlegende Darstellungstechniken: MATERIALIZE. Dreidimensionale Grundlagen","teacher":"Prof. Alexandra Martini","semester":"","graduateProgram":"","module":{"id":"PO 2013 11EG-B","name":"11 EG-B","category":"I/1 Gestaltungsgrundlagen Elementares Gestalten Basics"},"time":{"firstDate":[],"fixture":{"begin":{"minutes":{"value":"30"},"hour":{"value":"09"},"day":{"value":3},"String":"Mittwoch, 09:30"},"end":{"minutes":{"value":"00"},"hour":{"value":"14"},"day":{"value":3},"String":"Mittwoch, 14:00"}}},"room":"LW 229 Modellierwerkstatt","descriptionText":{"type":"html/md","value":""},"maxStudents":0,"credits":"6","workspace":""},"included":[],"request":{"type":"GET"}},{"type":"course","_id":"c1891f8c-c98b-40e6-9fa0-d1909e4b37fd","attributes":{"type":null,"title":"Gestaltungsgrundlagen Elementares Gestalten Basics- Grundlegende Darstellungstechniken: Farbe & Form","teacher":"Prof. Klaus Keller","semester":"","graduateProgram":"","module":{"id":"PO 2013 11EG-B","name":"11 EG-B","category":"I/1 Gestaltungsgrundlagen Elementares Gestalten Basics"},"time":{"firstDate":[],"fixture":{"begin":{"minutes":{"value":"00"},"hour":{"value":"10"},"day":{"value":5},"String":"Freitag, 10:00"},"end":{"minutes":{"value":"00"},"hour":{"value":"15"},"day":{"value":5},"String":"Freitag, 15:00"}}},"room":"LW 226","descriptionText":{"type":"html/md","value":""},"maxStudents":0,"credits":"6","workspace":""},"included":[],"request":{"type":"GET"}},{"type":"course","_id":"ef8bcb2f-878b-4fe6-b972-2daf6efbf609","attributes":{"type":null,"title":"Gestaltungsgrundlagen Elementares Gestalten Basics- Grundlegende Darstellungstechniken: Ornamente","teacher":"Prof. Klaus Keller","semester":"","graduateProgram":"","module":{"id":"PO 2013 11EG-B","name":"11 EG-B","category":"I/1 Gestaltungsgrundlagen Elementares Gestalten Basics"},"time":{"firstDate":[],"fixture":{"begin":{"minutes":{"value":"00"},"hour":{"value":"09"},"day":{"value":3},"String":"Mittwoch, 09:00"},"end":{"minutes":{"value":"00"},"hour":{"value":"14"},"day":{"value":3},"String":"Mittwoch, 14:00"}}},"room":"LW 226","descriptionText":{"type":"html/md","value":""},"maxStudents":0,"credits":"6","workspace":""},"included":[],"request":{"type":"GET"}},{"type":"course","_id":"6b8e8d21-7b2e-4789-abf9-d518abfc489d","attributes":{"type":null,"title":"Gestaltungsgrundlagen Elementares Gestalten Basics- Grundlegende Darstellungstechniken: Grafische Elemente und ihre visuellen Effekte","teacher":"Prof. Klaus Keller","semester":"","graduateProgram":"","module":{"id":"PO 2013 11EG-B","name":"11 EG-B","category":"I/1 Gestaltungsgrundlagen Elementares Gestalten Basics"},"time":{"firstDate":[],"fixture":{"begin":{"minutes":{"value":"00"},"hour":{"value":"10"},"day":{"value":4},"String":"Donnerstag, 10:00"},"end":{"minutes":{"value":"00"},"hour":{"value":"15"},"day":{"value":4},"String":"Donnerstag, 15:00"}}},"room":"LW 226","descriptionText":{"type":"html/md","value":""},"maxStudents":0,"credits":"6","workspace":""},"included":[],"request":{"type":"GET"}},{"type":"course","_id":"3c49a282-08ab-47c4-b200-a9d9494e56e8","attributes":{"type":null,"title":"Gestaltungsgrundlagen Elementares Gestalten Basics- Grundlegende Darstellungstechniken: Lost in Navigation","teacher":"Prof. Myriel Milicevic","semester":"","graduateProgram":"","module":{"id":"PO 2013 11EG-B","name":"11 EG-B","category":"I/1 Gestaltungsgrundlagen Elementares Gestalten Basics"},"time":{"firstDate":[],"fixture":{"begin":{"minutes":{"value":"00"},"hour":{"value":"10"},"day":{"value":1},"String":"Montag, 10:00"},"end":{"minutes":{"value":"30"},"hour":{"value":"15"},"day":{"value":1},"String":"Montag, 15:30"}}},"room":"LW 126","descriptionText":{"type":"html/md","value":""},"maxStudents":0,"credits":"6","workspace":""},"included":[],"request":{"type":"GET"}},{"type":"course","_id":"80c3446d-5ea7-4cf9-8f2a-56d5485fa2d6","attributes":{"type":null,"title":"Gestaltungsgrundlagen Elementares Gestalten Kontext- Wahrnehmung und Differenzierung: Gesellschaft spielen","teacher":"Prof. Myriel Milicevic","semester":"","graduateProgram":"","module":{"id":"PO 2013 11EG-K","name":"11 EG-K","category":"I/1 Gestaltungsgrundlagen Elementares Gestalten Kontext"},"time":{"firstDate":[],"fixture":{"begin":{"minutes":{"value":"00"},"hour":{"value":"10"},"day":{"value":2},"String":"Dienstag, 10:00"},"end":{"minutes":{"value":"30"},"hour":{"value":"15"},"day":{"value":2},"String":"Dienstag, 15:30"}}},"room":"LW 226","descriptionText":{"type":"html/md","value":""},"maxStudents":0,"credits":"6","workspace":""},"included":[],"request":{"type":"GET"}},{"type":"course","_id":"2d0157a9-8811-4e70-a5a0-5fe420636b19","attributes":{"type":null,"title":"Gestaltungsgrundlagen Elementares Gestalten Prozess- Gestaltungsabläufe und Methoden: Species to Species Services. The Fantastic Spaceship Earth Garage","teacher":"Prof. Myriel Milicevic","semester":"","graduateProgram":"","module":{"id":"PO 2013 11EG-P","name":"11 EG-P","category":"I/1 Gestaltungsgrundlagen Elementares Gestalten Prozess"},"time":{"firstDate":[],"fixture":{"begin":{"minutes":{"value":"00"},"hour":{"value":"10"},"day":{"value":4},"String":"Donnerstag, 10:00"},"end":{"minutes":{"value":"30"},"hour":{"value":"15"},"day":{"value":4},"String":"Donnerstag, 15:30"}}},"room":"LW 126","descriptionText":{"type":"html/md","value":""},"maxStudents":0,"credits":"6","workspace":""},"included":[],"request":{"type":"GET"}},{"type":"course","_id":"19ee3a6d-3dc6-478b-9794-6186a0651503","attributes":{"type":null,"title":"Gestaltungsgrundlagen Elementares Gestalten Prozess- Gestaltungsabläufe und Methoden: WHITE CUBE","teacher":"Prof. Alexandra Martini\nJörg Misch (Leitung Modellierwerkstatt)","semester":"","graduateProgram":"","module":{"id":"PO 2013 11EG-P","name":"11 EG-P","category":"I/1 Gestaltungsgrundlagen Elementares Gestalten Prozess"},"time":{"firstDate":[],"fixture":{"begin":{"minutes":{"value":"30"},"hour":{"value":"09"},"day":{"value":2},"String":"Dienstag, 09:30"},"end":{"minutes":{"value":"00"},"hour":{"value":"14"},"day":{"value":2},"String":"Dienstag, 14:00"}}},"room":"LW 229 Modellierwerkstatt","descriptionText":{"type":"html/md","value":""},"maxStudents":0,"credits":"6","workspace":""},"included":[],"request":{"type":"GET"}},{"type":"course","_id":"bb410fab-b263-4e9a-b2d7-1eb634c238e1","attributes":{"type":null,"title":"Entwurfsgrundlagen Interfacedesign Algorithmen + Daten:","teacher":"Martin Lexow","semester":"","graduateProgram":"","module":{"id":"PO 2013 12FOID-SI","name":"12FOID-SI","category":"I/2 Entwurfsgrundlagen Algorithmen + Daten"},"time":{"firstDate":[],"fixture":{"begin":{"minutes":{"value":"00"},"hour":{"value":"10"},"day":{"value":3},"String":"Mittwoch, 10:00"},"end":{"minutes":{"value":"00"},"hour":{"value":"13"},"day":{"value":3},"String":"Mittwoch, 13:00"}}},"room":"D/105","descriptionText":{"type":"html/md","value":""},"maxStudents":0,"credits":"6","workspace":""},"included":[],"request":{"type":"GET"}},{"type":"course","_id":"b181a9ee-a306-48b9-b8f4-ee1afeb30bee","attributes":{"type":null,"title":"Entwurfsgrundlagen Interfacedesign Form + Interaktion: Entwurf - Basics Interfacedesign","teacher":"Prof. Boris Müller","semester":"","graduateProgram":"","module":{"id":"PO 2013 12FOId-XD","name":"12FOId-XD Interaction Design ","category":"I/2 Entwurfsgrundlagen Interface Form + Interaktion"},"time":{"firstDate":[],"fixture":{"begin":{"minutes":{"value":"00"},"hour":{"value":"10"},"day":{"value":4},"String":"Donnerstag, 10:00"},"end":{"minutes":{"value":"00"},"hour":{"value":"13"},"day":{"value":4},"String":"Donnerstag, 13:00"}}},"room":"D/226","descriptionText":{"type":"html/md","value":""},"maxStudents":0,"credits":"6","workspace":""},"included":[],"request":{"type":"GET"}},{"type":"course","_id":"d1e38121-f5a8-45d0-9ddb-5728efdc8a7a","attributes":{"type":null,"title":"Entwurfsgrundlagen Interfacedesign Mensch + Kontext: Service Design Grundlagen","teacher":"Prof. Reto Wettach","semester":"","graduateProgram":"","module":{"id":"PO 2013 12FOId-PI","name":"12FOId-PI Physical","category":"I/2 Entwurfsgrundlagen Interface Mensch + Kontext"},"time":{"firstDate":[],"fixture":{"begin":{"minutes":{"value":"00"},"hour":{"value":"09"},"day":{"value":5},"String":"Freitag, 09:00"},"end":{"minutes":{"value":"00"},"hour":{"value":"13"},"day":{"value":5},"String":"Freitag, 13:00"}}},"room":"D/106","descriptionText":{"type":"html/md","value":""},"maxStudents":0,"credits":"6","workspace":""},"included":[],"request":{"type":"GET"}},{"type":"course","_id":"fb3a8388-a261-4972-a423-3b0be0fddd5c","attributes":{"type":null,"title":"Entwurfsgrundlagen Interfacedesign Mensch + Kontext:","teacher":"Prof. Constanze Langer","semester":"","graduateProgram":"","module":{"id":"PO 2013 12FOId-VI","name":"12FOId-VI Visual Interfacedesign ","category":"I/2 Entwurfsgrundlagen Interface Mensch + Kontext"},"time":{"firstDate":[],"fixture":{"begin":{"minutes":{"value":"00"},"hour":{"value":"10"},"day":{"value":2},"String":"Dienstag, 10:00"},"end":{"minutes":{"value":"00"},"hour":{"value":"13"},"day":{"value":2},"String":"Dienstag, 13:00"}}},"room":"D/106","descriptionText":{"type":"html/md","value":""},"maxStudents":0,"credits":"6","workspace":""},"included":[],"request":{"type":"GET"}},{"type":"course","_id":"5ad8683b-fa44-43b6-8b8f-dc558a3bec0b","attributes":{"type":null,"title":"Entwurfsgrundlagen Kommunikationsdesign Bild + Wirkung: Ein Jahr. Es geht voran. Illustration eines Kalenders","teacher":"Prof. Lisa Bucher","semester":"","graduateProgram":"","module":{"id":"PO 2013 12FOKd-IL","name":"12FOKd-IL Illustration","category":"I/2 Entwurfsgrundlagen Kommunikation Bild + Wirkung"},"time":{"firstDate":[],"fixture":{"begin":{"minutes":{"value":"30"},"hour":{"value":"14"},"day":{"value":2},"String":"Dienstag, 14:30"},"end":{"minutes":{"value":"30"},"hour":{"value":"17"},"day":{"value":2},"String":"Dienstag, 17:30"}}},"room":"D/310","descriptionText":{"type":"html/md","value":""},"maxStudents":0,"credits":"6","workspace":""},"included":[],"request":{"type":"GET"}},{"type":"course","_id":"80a70cec-5eac-4ea1-8965-11b1f2283911","attributes":{"type":null,"title":"Entwurfsgrundlagen Kommunikationsdesign Bild + Wirkung: Lichtfänger I - Über die Mittel der Fotografie","teacher":"Prof. Wiebke Loeper","semester":"","graduateProgram":"","module":{"id":"PO 2013 12EKd-BW","name":"12 EKd-BW","category":"I/2 Entwurfsgrundlagen Kommunikation Bild + Wirkung"},"time":{"firstDate":[],"fixture":{"begin":{"minutes":{"value":"00"},"hour":{"value":"10"},"day":{"value":5},"String":"Freitag, 10:00"},"end":{"minutes":{"value":"30"},"hour":{"value":"13"},"day":{"value":5},"String":"Freitag, 13:30"}}},"room":"D/308","descriptionText":{"type":"html/md","value":""},"maxStudents":0,"credits":"6","workspace":""},"included":[],"request":{"type":"GET"}},{"type":"course","_id":"fa74561e-d568-487f-94da-2efa5bbff8b1","attributes":{"type":null,"title":"Entwurfsgrundlagen Kommunikationsdesign Formate + Narration: Publikationsformate - Motion Basis.09: Micronarrative Loops","teacher":"Prof. Klaus Dufke","semester":"","graduateProgram":"","module":{"id":"PO 2013 12FOKd-MG","name":"12FOKd-MG","category":"I/2 Entwurfsgrundlagen Kommunikation Formate + Narration"},"time":{"firstDate":[],"fixture":{"begin":{"minutes":{"value":"00"},"hour":{"value":"10"},"day":{"value":3},"String":"Mittwoch, 10:00"},"end":{"minutes":{"value":"00"},"hour":{"value":"13"},"day":{"value":3},"String":"Mittwoch, 13:00"}}},"room":"LW 117","descriptionText":{"type":"html/md","value":""},"maxStudents":0,"credits":"6","workspace":""},"included":[],"request":{"type":"GET"}},{"type":"course","_id":"01702b62-7d17-4f95-b837-4661b1eaff97","attributes":{"type":null,"title":"Entwurfsgrundlagen Kommunikationsdesign Formate + Narration: Redaktionelle Gestaltung 01: Wieso? Weshalb? Warum?","teacher":"Prof. Franziska Morlok / Felix Walser","semester":"","graduateProgram":"","module":{"id":"PO 2013 12FOKd-AD","name":"12FOKd-AD Advertising Design","category":"I/2 Entwurfsgrundlagen Kommunikation Formate + Narration"},"time":{"firstDate":[],"fixture":{"begin":{"minutes":{"value":"00"},"hour":{"value":"10"},"day":{"value":4},"String":"Donnerstag, 10:00"},"end":{"minutes":{"value":"00"},"hour":{"value":"13"},"day":{"value":4},"String":"Donnerstag, 13:00"}}},"room":"D/311","descriptionText":{"type":"html/md","value":""},"maxStudents":0,"credits":"6","workspace":""},"included":[],"request":{"type":"GET"}},{"type":"course","_id":"bbb58453-5ab7-4648-8271-91abe173607e","attributes":{"type":null,"title":"Entwurfsgrundlagen Kommunikationsdesign Schrift + Ausdruck: Typedesign: Startkurs","teacher":"Prof. Lucas de Groot","semester":"","graduateProgram":"","module":{"id":"PO 2013 12FOKd-TD","name":"12FOKd-TD Typedesign ","category":"I/2 Entwurfsgrundlagen Kommunikation Schrift + Ausdruck"},"time":{"firstDate":[],"fixture":{"begin":{"minutes":{"value":"00"},"hour":{"value":"10"},"day":{"value":2},"String":"Dienstag, 10:00"},"end":{"minutes":{"value":"00"},"hour":{"value":"13"},"day":{"value":2},"String":"Dienstag, 13:00"}}},"room":"D/103","descriptionText":{"type":"html/md","value":""},"maxStudents":0,"credits":"6","workspace":""},"included":[],"request":{"type":"GET"}},{"type":"course","_id":"8a7b0272-a3fd-4b60-9bea-1494c5a642c6","attributes":{"type":null,"title":"Entwurfsgrundlagen Kommunikationsdesign Schrift + Ausdruck: Grundlagen der Typografie","teacher":"Professorenstellenvertretung Katrin Holst","semester":"","graduateProgram":"","module":{"id":"PO 2013 12FOKd-TY","name":"12FOKd-TY Typografie ","category":"I/2 Entwurfsgrundlagen Kommunikation Schrift + Ausdruck"},"time":{"firstDate":[],"fixture":{"begin":{"minutes":{"value":"00"},"hour":{"value":"10"},"day":{"value":3},"String":"Mittwoch, 10:00"},"end":{"minutes":{"value":"00"},"hour":{"value":"13"},"day":{"value":3},"String":"Mittwoch, 13:00"}}},"room":"D/223","descriptionText":{"type":"html/md","value":""},"maxStudents":0,"credits":"6","workspace":""},"included":[],"request":{"type":"GET"}},{"type":"course","_id":"ab532b85-3e28-49c0-b0cd-522eaea5825c","attributes":{"type":null,"title":"Entwurfsgrundlagen Kommunikationsdesign Zeichen + Ansprache: Experiment & Strategie - Grafische Gestaltung zwischen Design und Kunst","teacher":"Prof. Sven Völker","semester":"","graduateProgram":"","module":{"id":"PO 2013 12FOKd-GD","name":"12FOKd-GD Grafikdesign ","category":"I/2 Entwurfsgrundlagen Kommunikation Zeichen + Ansprache"},"time":{"firstDate":[],"fixture":{"begin":{"minutes":{"value":"00"},"hour":{"value":"10"},"day":{"value":1},"String":"Montag, 10:00"},"end":{"minutes":{"value":"00"},"hour":{"value":"13"},"day":{"value":1},"String":"Montag, 13:00"}}},"room":"D/223","descriptionText":{"type":"html/md","value":""},"maxStudents":0,"credits":"6","workspace":""},"included":[],"request":{"type":"GET"}},{"type":"course","_id":"a0cd35da-0f43-4228-8b4f-aa5ed27bf8c2","attributes":{"type":null,"title":"Entwurfsgrundlagen Kommunikationsdesign Zeichen + Ansprache: Vom Zeichen zur Marke","teacher":"Prof. Matthias Beyrow","semester":"","graduateProgram":"","module":{"id":"PO 2013 12FOKd-CD","name":"12FOKd-CD Corporate Design","category":"I/2 Entwurfsgrundlagen Kommunikation Zeichen + Ansprache"},"time":{"firstDate":[],"fixture":{"begin":{"minutes":{"value":"00"},"hour":{"value":"10"},"day":{"value":4},"String":"Donnerstag, 10:00"},"end":{"minutes":{"value":"00"},"hour":{"value":"13"},"day":{"value":4},"String":"Donnerstag, 13:00"}}},"room":"D/310","descriptionText":{"type":"html/md","value":""},"maxStudents":0,"credits":"6","workspace":""},"included":[],"request":{"type":"GET"}},{"type":"course","_id":"c0363789-f6ba-4b0a-a367-7a533dd1c7e0","attributes":{"type":null,"title":"Entwurfsgrundlagen Produktdesign Form + Zweck: »bei dir piept's wohl!«","teacher":"Prof. Jörg Hundertpfund","semester":"","graduateProgram":"","module":{"id":"PO 2013 12FOPd-PD","name":"12FOPd-PD Produktdesign","category":"I/2 Entwurfsgrundlagen Produkt Form + Zweck"},"time":{"firstDate":[],"fixture":{"begin":{"minutes":{"value":"00"},"hour":{"value":"09"},"day":{"value":4},"String":"Donnerstag, 09:00"},"end":{"minutes":{"value":"30"},"hour":{"value":"13"},"day":{"value":4},"String":"Donnerstag, 13:30"}}},"room":"D/308","descriptionText":{"type":"html/md","value":""},"maxStudents":0,"credits":"6","workspace":""},"included":[],"request":{"type":"GET"}},{"type":"course","_id":"701c9bb6-2783-479a-baba-b4e69da2b101","attributes":{"type":null,"title":"Entwurfsgrundlagen Produktdesign Objekt + Intention: Linie, Fläche, Körper, Funktion","teacher":"Prof. Hermann Weizenegger","semester":"","graduateProgram":"","module":{"id":"PO 2013 12FOPd-ID","name":"12FOPd-ID Industrialdesign","category":"I/2 Entwurfsgrundlagen Produkt Objekt + Intention"},"time":{"firstDate":[],"fixture":{"begin":{"minutes":{"value":"30"},"hour":{"value":"15"},"day":{"value":2},"String":"Dienstag, 15:30"},"end":{"minutes":{"value":"00"},"hour":{"value":"20"},"day":{"value":2},"String":"Dienstag, 20:00"}}},"room":"D/307","descriptionText":{"type":"html/md","value":""},"maxStudents":0,"credits":"6","workspace":""},"included":[],"request":{"type":"GET"}},{"type":"course","_id":"2df3e5e4-7b5f-4f70-9118-2246103dfc2c","attributes":{"type":null,"title":"Theorie Design- und Kulturgeschichte: Design-Persönlichkeiten","teacher":"Prof. Marion Godau","semester":"","graduateProgram":"","module":{"id":"PO 2013 13Th-DG","name":"13 Th-DG","category":"I/3 Theorie Design-/Kulturgeschichte"},"time":{"firstDate":[],"fixture":{"begin":{"minutes":{"value":"15"},"hour":{"value":"10"},"day":{"value":4},"String":"Donnerstag, 10:15"},"end":{"minutes":{"value":"30"},"hour":{"value":"13"},"day":{"value":4},"String":"Donnerstag, 13:30"}}},"room":"D/105","descriptionText":{"type":"html/md","value":""},"maxStudents":0,"credits":"6","workspace":""},"included":[],"request":{"type":"GET"}},{"type":"course","_id":"4b758a09-d20c-400c-a616-fdb302d339bc","attributes":{"type":null,"title":"Theorie Designmanagement und -recht: \"Human-Centered Design\" Grundlagenvermittlung (zweitägiges Kompaktseminar als \"Bootcamp\")","teacher":"Prof. Karsten Henze, Prof. Vicky Tiegelkamp","semester":"","graduateProgram":"","module":{"id":"PO 2013 13Th-DM","name":"13 Th-DM","category":"I/3 Theorie Designmanagement und -recht"},"room":"","descriptionText":{"type":"html/md","value":""},"maxStudents":0,"credits":"6","workspace":""},"included":[],"request":{"type":"GET"}},{"type":"course","_id":"6c798c66-583b-4d75-a24a-e5887ca7318e","attributes":{"type":null,"title":"Theorie Designmanagement und -recht: Urheber-, Design- und Medienrecht (mit integrierter Übung) - Vorlesung","teacher":"Prof. Dr. Nico Heise","semester":"","graduateProgram":"","module":{"id":"PO 2013 13Th-DM","name":"13 Th-DM","category":"I/3 Theorie Designmanagement und -recht"},"time":{"firstDate":[],"fixture":{"begin":{"minutes":{"value":"00"},"hour":{"value":"10"},"day":{"value":2},"String":"Dienstag, 10:00"},"end":{"minutes":{"value":"00"},"hour":{"value":"13"},"day":{"value":2},"String":"Dienstag, 13:00"}}},"room":"D/011","descriptionText":{"type":"html/md","value":""},"maxStudents":0,"credits":"6","workspace":""},"included":[],"request":{"type":"GET"}},{"type":"course","_id":"e2cb4417-b997-4f77-a7a5-12fdfe465a22","attributes":{"type":null,"title":"Theorie Designmanagement und -recht: Digital und trotzdem legal?! - Medienrechtliches Seminar","teacher":"Prof. Dr. Nico Heise","semester":"","graduateProgram":"","module":{"id":"PO 2013 13Th-DM","name":"13 Th-DM","category":"I/3 Theorie Designmanagement und -recht"},"time":{"firstDate":[],"fixture":{"begin":{"minutes":{"value":"00"},"hour":{"value":"14"},"day":{"value":2},"String":"Dienstag, 14:00"},"end":{"minutes":{"value":"00"},"hour":{"value":"16"},"day":{"value":2},"String":"Dienstag, 16:00"}}},"room":"D/226","descriptionText":{"type":"html/md","value":""},"maxStudents":0,"credits":"6","workspace":""},"included":[],"request":{"type":"GET"}},{"type":"course","_id":"8084092f-e0d7-47f3-9a96-49f019b8cef2","attributes":{"type":null,"title":"Werkstattpraxis Analoge Modellbauwerkstätten:","teacher":"Dipl. Des. Anne Boenisch","semester":"","graduateProgram":"","module":{"id":"PO 2013 14W3D-TV","name":"14W3D-TV Technologie/Visualisierung","category":"I/4 Werkstattpraxis Analoge Modellbauwerkstätten"},"time":{"firstDate":[],"fixture":{"begin":{"minutes":{"value":"00"},"hour":{"value":"09"},"day":{"value":5},"String":"Freitag, 09:00"},"end":{"minutes":{"value":"00"},"hour":{"value":"13"},"day":{"value":5},"String":"Freitag, 13:00"}}},"room":"LW 019 Modellbauwerkstatt","descriptionText":{"type":"html/md","value":""},"maxStudents":0,"credits":"6","workspace":""},"included":[],"request":{"type":"GET"}},{"type":"course","_id":"e752e644-a40f-41cd-8d62-48a656bce9bb","attributes":{"type":null,"title":"Werkstattpraxis Audio-/Videowerkstätten:","teacher":"Dipl. Des. Jan Schütze, Prof. Klaus Dufke","semester":"","graduateProgram":"","module":{"id":"PO 2013 14W4D-AV","name":"14W4D-AV Audio/Video","category":"I/4 Werkstattpraxis Audio-/Videowerkstätten"},"time":{"firstDate":[],"fixture":{"begin":{"minutes":{"value":"00"},"hour":{"value":"10"},"day":{"value":4},"String":"Donnerstag, 10:00"},"end":{"minutes":{"value":"00"},"hour":{"value":"13"},"day":{"value":4},"String":"Donnerstag, 13:00"}}},"room":"D/002 (Video Aufnahmestudio)","descriptionText":{"type":"html/md","value":""},"maxStudents":0,"credits":"6","workspace":""},"included":[],"request":{"type":"GET"}},{"type":"course","_id":"acb85e46-d573-455f-8b59-b8ec1e2cdcd3","attributes":{"type":null,"title":"Werkstattpraxis Buchbindewerkstatt: Kombikurs Buchbinderei & Grafiklabor","teacher":"Friederike Goll / Felix Walser","semester":"","graduateProgram":"","module":{"id":"PO 2013 14W2D-WV","name":"14W2D-WV Weiterverarbeitung Druck","category":"I/4 Werkstattpraxis Buchbindewerkstatt"},"time":{"firstDate":[],"fixture":{"begin":{"minutes":{"value":"30"},"hour":{"value":"09"},"day":{"value":4},"String":"Donnerstag, 09:30"},"end":{"minutes":{"value":"00"},"hour":{"value":"13"},"day":{"value":4},"String":"Donnerstag, 13:00"}}},"room":"LW 225 Buchbindewerkstatt","descriptionText":{"type":"html/md","value":""},"maxStudents":0,"credits":"6","workspace":""},"included":[],"request":{"type":"GET"}},{"type":"course","_id":"9eb01a32-0deb-49c2-8f49-05d146b23e58","attributes":{"type":null,"title":"Werkstattpraxis Buchbindewerkstatt: Einführungskurs Buchbinden","teacher":"Friederike Goll","semester":"","graduateProgram":"","module":{"id":"PO 2013 14W2D-WV","name":"14W2D-WV Weiterverarbeitung Druck","category":"I/4 Werkstattpraxis Buchbindewerkstatt"},"time":{"firstDate":[],"fixture":{"begin":{"minutes":{"value":"30"},"hour":{"value":"09"},"day":{"value":5},"String":"Freitag, 09:30"},"end":{"minutes":{"value":"00"},"hour":{"value":"13"},"day":{"value":5},"String":"Freitag, 13:00"}}},"room":"LW 225","descriptionText":{"type":"html/md","value":""},"maxStudents":0,"credits":"6","workspace":""},"included":[],"request":{"type":"GET"}},{"type":"course","_id":"404009c5-2d54-4bb0-8731-39d392f4a85c","attributes":{"type":null,"title":"Werkstattpraxis Drucklabore: B – Weiterführender Kurs Produktionsprozess Druck","teacher":"Dipl. Des. Christine Mangelsdorf","semester":"","graduateProgram":"","module":{"id":"PO 2013 14W2D-DP","name":"14W2D-DP Druck/Prepress","category":"I/4 Werkstattpraxis Drucklabore"},"time":{"firstDate":[],"fixture":{"begin":{"minutes":{"value":"00"},"hour":{"value":"10"},"day":{"value":4},"String":"Donnerstag, 10:00"},"end":{"minutes":{"value":"30"},"hour":{"value":"12"},"day":{"value":4},"String":"Donnerstag, 12:30"}}},"room":"LW 128","descriptionText":{"type":"html/md","value":""},"maxStudents":0,"credits":"6","workspace":""},"included":[],"request":{"type":"GET"}},{"type":"course","_id":"165ba4d9-c8bc-4cc7-b366-a5a5564d3415","attributes":{"type":null,"title":"Werkstattpraxis Drucklabore: A – Grundlagen Produktionsprozess Druck und Farbmanagement","teacher":"Dipl. Des. Christine Mangelsdorf","semester":"","graduateProgram":"","module":{"id":"PO 2013 14W2D-DP","name":"14W2D-DP Druck/Prepress","category":"I/4 Werkstattpraxis Drucklabore"},"time":{"firstDate":[],"fixture":{"begin":{"minutes":{"value":"00"},"hour":{"value":"09"},"day":{"value":3},"String":"Mittwoch, 09:00"},"end":{"minutes":{"value":"30"},"hour":{"value":"11"},"day":{"value":3},"String":"Mittwoch, 11:30"}}},"room":"LW 128","descriptionText":{"type":"html/md","value":""},"maxStudents":0,"credits":"6","workspace":""},"included":[],"request":{"type":"GET"}},{"type":"course","_id":"bfb1e023-60a0-4052-898b-807339ab0135","attributes":{"type":null,"title":"Werkstattpraxis Digitaler Modellbau: Fusion 360 - Einführung/ Grundlagen (CAD)","teacher":"Johannes Cremer","semester":"","graduateProgram":"","module":{"id":"PO 2013 14W4D-SC","name":"14W4D-SC Software/CAD","category":"I/4 Werkstattpraxis Digitale Modellbauwerkstätten"},"time":{"firstDate":[],"fixture":{"begin":{"minutes":{"value":"00"},"hour":{"value":"13"},"day":{"value":2},"String":"Dienstag, 13:00"},"end":{"minutes":{"value":"00"},"hour":{"value":"16"},"day":{"value":2},"String":"Dienstag, 16:00"}}},"room":"LW 139 Mac-Labor","descriptionText":{"type":"html/md","value":""},"maxStudents":0,"credits":"6","workspace":""},"included":[],"request":{"type":"GET"}},{"type":"course","_id":"22360922-98c6-4790-be94-7b9b39869d8e","attributes":{"type":null,"title":"Werkstattpraxis Fotowerkstätten:","teacher":"Kathrin Katzek\nProf. Wiebke Loeper","semester":"","graduateProgram":"","module":{"id":"PO 2013 14W2D-FL","name":"14W2D-FL Fotolabor/","category":"I/4 Werkstattpraxis Fotowerkstätten"},"time":{"firstDate":[],"fixture":{"begin":{"minutes":{"value":"00"},"hour":{"value":"14"},"day":{"value":1},"String":"Montag, 14:00"},"end":{"minutes":{"value":"00"},"hour":{"value":"18"},"day":{"value":1},"String":"Montag, 18:00"}}},"room":"LW nach Absprache","descriptionText":{"type":"html/md","value":""},"maxStudents":0,"credits":"6","workspace":""},"included":[],"request":{"type":"GET"}},{"type":"course","_id":"28171278-632b-426f-9357-ff92063f44b2","attributes":{"type":null,"title":"Werkstattpraxis Grafiklabor: Kombikurs Buchbinderei & Grafiklabor","teacher":"Felix Walser / Friederike Goll","semester":"","graduateProgram":"","module":{"id":"PO 2013 14W2D-WV","name":"14W2D-WV Weiterverarbeitung Druck","category":"I/4 Werkstattpraxis Grafiklabor"},"time":{"firstDate":[],"fixture":{"begin":{"minutes":{"value":"00"},"hour":{"value":"14"},"day":{"value":4},"String":"Donnerstag, 14:00"},"end":{"minutes":{"value":"30"},"hour":{"value":"17"},"day":{"value":4},"String":"Donnerstag, 17:30"}}},"room":"LW 222","descriptionText":{"type":"html/md","value":""},"maxStudents":0,"credits":"6","workspace":""},"included":[],"request":{"type":"GET"}},{"type":"course","_id":"1ea2cc65-1533-47fa-9ed4-2d3c82627d3e","attributes":{"type":null,"title":"Werkstattpraxis Grafiklabor:","teacher":"Dipl.Des. Felix Walser / Prof. Franziska Morlok","semester":"","graduateProgram":"","module":{"id":"PO 2013 14W2D-WV","name":"14W2D-WV Weiterverarbeitung Druck","category":"I/4 Werkstattpraxis Grafiklabor"},"time":{"firstDate":[],"fixture":{"begin":{"minutes":{"value":"30"},"hour":{"value":"09"},"day":{"value":5},"String":"Freitag, 09:30"},"end":{"minutes":{"value":"00"},"hour":{"value":"13"},"day":{"value":5},"String":"Freitag, 13:00"}}},"room":"LW 222","descriptionText":{"type":"html/md","value":""},"maxStudents":0,"credits":"6","workspace":""},"included":[],"request":{"type":"GET"}},{"type":"course","_id":"07d6c530-8e9c-4200-8f0d-43a1a3803a18","attributes":{"type":null,"title":"Werkstattpraxis Interfacelabor: Creative Technologists - Tracing the City","teacher":"Fabian Morón-Zirfas","semester":"","graduateProgram":"","module":{"id":"PO 2013 14W4D-IL","name":"14W4D-IL Interfacelabor","category":"I/4 Werkstattpraxis Interfacelabore"},"time":{"firstDate":[],"fixture":{"begin":{"minutes":{"value":"00"},"hour":{"value":"09"},"day":{"value":5},"String":"Freitag, 09:00"},"end":{"minutes":{"value":"00"},"hour":{"value":"13"},"day":{"value":5},"String":"Freitag, 13:00"}}},"room":"LW 126","descriptionText":{"type":"html/md","value":""},"maxStudents":0,"credits":"6","workspace":""},"included":[],"request":{"type":"GET"}},{"type":"course","_id":"7252d01f-f3d6-4b5a-838d-e9cc3a3c1366","attributes":{"type":null,"title":"Werkstattpraxis Modellierwerkstatt:","teacher":"Jörg Misch\nProf. Alexandra Martini","semester":"","graduateProgram":"","module":{"id":"PO 2013 14W3D-MW","name":"14W3D-MW Modellierwerkstatt","category":"I/4 Werkstattpraxis Modellierwerkstatt"},"time":{"firstDate":[],"fixture":{"begin":{"minutes":{"value":"00"},"hour":{"value":"10"},"day":{"value":4},"String":"Donnerstag, 10:00"},"end":{"minutes":{"value":"00"},"hour":{"value":"14"},"day":{"value":4},"String":"Donnerstag, 14:00"}}},"room":"LW 229 Modellierwerkstatt","descriptionText":{"type":"html/md","value":""},"maxStudents":0,"credits":"6","workspace":""},"included":[],"request":{"type":"GET"}},{"type":"course","_id":"006a4cf1-3d1d-4b9c-b171-ff69fa13632c","attributes":{"type":null,"title":"Perspektiven und Social Skills Flex-Modul: Urheber-, Design- und Medienrecht (mit integrierter Übung) - Vorlesung","teacher":"Prof. Dr. Nico Heise","semester":"","graduateProgram":"","module":{"id":"PO 2013 15PSs-FM","name":"15 PSs-FM","category":"I/5 Perspektiven und Social Skills Flex-Modul"},"time":{"firstDate":[],"fixture":{"begin":{"minutes":{"value":"00"},"hour":{"value":"10"},"day":{"value":2},"String":"Dienstag, 10:00"},"end":{"minutes":{"value":"00"},"hour":{"value":"13"},"day":{"value":2},"String":"Dienstag, 13:00"}}},"room":"D/011","descriptionText":{"type":"html/md","value":""},"maxStudents":0,"credits":"6","workspace":""},"included":[],"request":{"type":"GET"}},{"type":"course","_id":"01d0071b-cfad-48e1-8dd4-2c4e5b1a94ac","attributes":{"type":null,"title":"Perspektiven und Social Skills Flex-Modul","teacher":"","semester":"","graduateProgram":"","module":{"id":"PO 2013 15PSs-FM","name":"15 PSs-FM","category":"I/5 Perspektiven und Social Skills Flex-Modul"},"room":"","descriptionText":{"type":"html/md","value":""},"maxStudents":0,"credits":"6","workspace":""},"included":[],"request":{"type":"GET"}},{"type":"course","_id":"959dab4b-0784-4f88-9a96-e1ad46ec271c","attributes":{"type":null,"title":"Perspektiven und Social Skills Projektwochen:","teacher":"","semester":"","graduateProgram":"","module":{"id":"PO 2013 15PP-PW","name":"15PP-PW Projektwochen ","category":"I/5 Perspektiven und Social Skills Projektwochen"},"room":"","descriptionText":{"type":"html/md","value":""},"maxStudents":0,"credits":"6","workspace":""},"included":[],"request":{"type":"GET"}}]}}}}