{"modules":[{"module":{"id":"PO 2013 21FVKd-FG","id_new":"31 LE-R","name":"21FVKd-FG Fotografie ","category":"III/1 Labor-/Entwurfsstrategien Reflexion"}},{"module":{"id":"PO 2013 21FVPd-PU","id_new":"31 LE-S","name":"21FVPd-PU Produkt","category":"III/1 Labor-/Entwurfsstrategien Spezialisierung"}},{"module":{"id":"PO 2013 31LE-S","id_new":"31 LE-S","name":"31 LE-S","category":"III/1 Labor-/Entwurfsstrategien Spezialisierung"}},{"module":{"id":"PO 2013 31LE-S","id_new":"31 LE-S","name":"31 LE-S","category":"III/1 Labor-/Entwurfsstrategien Spezialisierung"}},{"module":{"id":"PO 2013 31LE-S","id_new":"31 LE-S","name":"31 LE-S","category":"III/1 Labor-/Entwurfsstrategien Spezialisierung"}},{"module":{"id":"PO 2013 31LE-S","id_new":"31 LE-S","name":"31 LE-S","category":"III/1 Labor-/Entwurfsstrategien Spezialisierung"}},{"module":{"id":"PO 2013 31LE-S","id_new":"31 LE-S","name":"31 LE-S","category":"III/1 Labor-/Entwurfsstrategien Spezialisierung"}},{"module":{"id":"PO 2013 32Th-DT","id_new":"32 Th","name":"32Th-DT Theorie: Design","category":"III/2 Theorie 32Th-"}},{"module":{"id":"PO 2013 32Th-TE","id_new":"32 TE-DA","name":"32Th-TE Thesisentwicklung ","category":"III/2 Thesisentwicklung Designdiskurs + Argumentation"}},{"module":{"id":"PO 2013 32Th-TE","id_new":"32 TE-DA","name":"32Th-TE Thesisentwicklung ","category":"III/2 Thesisentwicklung Designdiskurs + Argumentation"}},{"module":{"id":"PO 2013 32Th-TE","id_new":"32 TE-DA","name":"32Th-TE Thesisentwicklung ","category":"III/2 Thesisentwicklung Designdiskurs + Argumentation"}},{"module":{"id":"PO 2013 32Th-DM","id_new":"13 32Th-DM","name":"32Th-DM","category":"III/2 Theorie\n32Th-DM Designmanagement"}},{"module":{"id":"PO 2013 33D-TM","id_new":"33 D-TM","name":"33 D-TM","category":"III/3 Didaktik Tutoring / Mentoring"}},{"module":{"id":"PO 2013 33D-TM","id_new":"33 D-TM","name":"33 D-TM","category":"III/3 Didaktik Tutoring / Mentoring"}},{"module":{"id":"PO 2013 11At-Z","id_new":"11 AT","name":"11At-Z Atelier Zeichnen ","category":"I/1 Gestaltungsgrundlagen Atelier"}},{"module":{"id":"PO 2013 11At-Z","id_new":"11 AT","name":"11At-Z Atelier Zeichnen ","category":"I/1 Gestaltungsgrundlagen Atelier"}},{"module":{"id":"PO 2013 11EG-B","id_new":"11 EG-B","name":"11 EG-B","category":"I/1 Gestaltungsgrundlagen Elementares Gestalten Basics"}},{"module":{"id":"PO 2013 11EG-B","id_new":"11 EG-B","name":"11 EG-B","category":"I/1 Gestaltungsgrundlagen Elementares Gestalten Basics"}},{"module":{"id":"PO 2013 11EG-B","id_new":"11 EG-B","name":"11 EG-B","category":"I/1 Gestaltungsgrundlagen Elementares Gestalten Basics"}},{"module":{"id":"PO 2013 11EG-B","id_new":"11 EG-B","name":"11 EG-B","category":"I/1 Gestaltungsgrundlagen Elementares Gestalten Basics"}},{"module":{"id":"PO 2013 11EG-K","id_new":"11 EG-K","name":"11 EG-K","category":"I/1 Gestaltungsgrundlagen Elementares Gestalten Kontext"}},{"module":{"id":"PO 2013 11EG-K","id_new":"11 EG-K","name":"11 EG-K","category":"I/1 Gestaltungsgrundlagen Elementares Gestalten Kontext"}},{"module":{"id":"PO 2013 11EG-P","id_new":"11 EG-P","name":"11 EG-P","category":"I/1 Gestaltungsgrundlagen Elementares Gestalten Prozess"}},{"module":{"id":"PO 2013 11EG-P","id_new":"11 EG-P","name":"11 EG-P","category":"I/1 Gestaltungsgrundlagen Elementares Gestalten Prozess"}},{"module":{"id":"PO 2013 12FOId-XD","id_new":"12 EId-FI","name":"12FOId-XD Interaction Design ","category":"I/2 Entwurfsgrundlagen Interface Form + Interaktion"}},{"module":{"id":"PO 2013 12FOId-PI","id_new":"12 EId-MK","name":"12FOId-PI Physical","category":"I/2 Entwurfsgrundlagen Interface Mensch + Kontext"}},{"module":{"id":"PO 2013 12FOKd-IL","id_new":"12 EKd-BW","name":"12FOKd-IL Illustration","category":"I/2 Entwurfsgrundlagen Kommunikation Bild + Wirkung"}},{"module":{"id":"PO 2013 12EKd-BW","id_new":"12 EKd-BW","name":"12 EKd-BW","category":"I/2 Entwurfsgrundlagen Kommunikation Bild + Wirkung"}},{"module":{"id":"PO 2013 12FOKd-GD","id_new":"12 EKd-BW","name":"12FOKd-GD Grafikdesign ","category":"I/2 Entwurfsgrundlagen Kommunikation Bild + Wirkung"}},{"module":{"id":"PO 2013 12EKd-FN","id_new":"12 EKd-FN","name":"12 EKd-FN","category":"I/2 Entwurfsgrundlagen Kommunikation Formate + Narration"}},{"module":{"id":"PO 2013 12FOKd-AD","id_new":"12 EKd-FN","name":"12FOKd-AD Advertising Design","category":"I/2 Entwurfsgrundlagen Kommunikation Formate + Narration"}},{"module":{"id":"PO 2013 12FOKd-TY","id_new":"12 EKd-SA","name":"12FOKd-TY Typografie ","category":"I/2 Entwurfsgrundlagen Kommunikation Schrift + Ausdruck"}},{"module":{"id":"PO 2013 12FOKd-TY","id_new":"12 EKd-SA","name":"12FOKd-TY Typografie ","category":"I/2 Entwurfsgrundlagen Kommunikation Schrift + Ausdruck"}},{"module":{"id":"PO 2013 12FOKd-TD","id_new":"12 EKd-SA","name":"12FOKd-TD Typedesign ","category":"I/2 Entwurfsgrundlagen Kommunikation Schrift + Ausdruck"}},{"module":{"id":"PO 2013 12FOKd-TY","id_new":"12 EKd-SA","name":"12FOKd-TY Typografie ","category":"I/2 Entwurfsgrundlagen Kommunikation Schrift + Ausdruck"}},{"module":{"id":"PO 2013 12FOKd-CD","id_new":"12 EKd-ZA","name":"12FOKd-CD Corporate Design","category":"I/2 Entwurfsgrundlagen Kommunikation Zeichen + Ansprache"}},{"module":{"id":"PO 2013 12FOPd-PD","id_new":"12 EPd-FZ","name":"12FOPd-PD Produktdesign ","category":"I/2 Entwurfsgrundlagen Produkt Form + Zweck"}},{"module":{"id":"PO 2013 12FOPd-PD","id_new":"12 EPd-FZ","name":"12FOPd-PD Produktdesign ","category":"I/2 Entwurfsgrundlagen Produkt Form + Zweck"}},{"module":{"id":"PO 2013 12FOPd-PU","id_new":"12 EPd-OI","name":"12FOPd-PU Produkt","category":"I/2 Entwurfsgrundlagen Produkt Objekt + Intention"}},{"module":{"id":"PO 2013 12FOPd-RA","id_new":"12 EPd-RK","name":"12FOPd-RA Raum","category":"I/2 Entwurfsgrundlagen Produkt Raum + Kontext"}},{"module":{"id":"PO 2013 12FOPd-RA","id_new":"12 EPd-RK","name":"12FOPd-RA Raum","category":"I/2 Entwurfsgrundlagen Produkt Raum + Kontext"}},{"module":{"id":"PO 2013 12FOPd-ID","id_new":"12 EPd-TP","name":"12FOPd-ID Industrialdesign","category":"I/2 Entwurfsgrundlagen Produkt Technik + Produkt"}},{"module":{"id":"PO 2013 13Th-DM","id_new":"13 Th-DMR","name":"13Th-DM Designmanagement ","category":"I/3 Theorie Designmanagement und -recht"}},{"module":{"id":"PO 2013 13Th-DM","id_new":"13 Th-DMR","name":"13Th-DM Designmanagement ","category":"I/3 Theorie Designmanagement und -recht"}},{"module":{"id":"PO 2013 13Th-DM","id_new":"13 Th-DMR","name":"13Th-DM Designmanagement ","category":"I/3 Theorie Designmanagement und -recht"}},{"module":{"id":"PO 2013 13Th-DM","id_new":"13 Th-DMR","name":"13Th-DM Designmanagement ","category":"I/3 Theorie Designmanagement und -recht"}},{"module":{"id":"PO 2013 13Th-DT","id_new":"13 Th-DMT","name":"13Th-DT Design","category":"I/3 Theorie Design-/Medientheorie"}},{"module":{"id":"PO 2013 13Th-DT","id_new":"13 Th-DMT","name":"13Th-DT Design","category":"I/3 Theorie Design-/Medientheorie"}},{"module":{"id":"PO 2013 14W3D-TV","id_new":"14 W-AM","name":"14W3D-TV Technologie/Visualisierung","category":"I/4 Werkstattpraxis Analoge Modellbauwerkstätten"}},{"module":{"id":"PO 2013 14W4D-AV","id_new":"14 W-AV","name":"14W4D-AV Audio/Video","category":"I/4 Werkstattpraxis Audio-/Videowerkstätten"}},{"module":{"id":"PO 2013 14W2D-WV","id_new":"14 W-BW","name":"14W2D-WV Weiterverarbeitung Druck","category":"I/4 Werkstattpraxis Buchbindewerkstatt"}},{"module":{"id":"PO 2013 14W2D-DP","id_new":"14 W-DL","name":"14W2D-DP Druck/Prepress","category":"I/4 Werkstattpraxis Drucklabore"}},{"module":{"id":"PO 2013 14W2D-DP","id_new":"14 W-DL","name":"14W2D-DP Druck/Prepress","category":"I/4 Werkstattpraxis Drucklabore"}},{"module":{"id":"PO 2013 14W2D-DP","id_new":"14 W-DL","name":"14W2D-DP Druck/Prepress","category":"I/4 Werkstattpraxis Drucklabore"}},{"module":{"id":"PO 2013 14W2D-FL","id_new":"14 W-FW","name":"14W2D-FL Fotolabor/","category":"I/4 Werkstattpraxis Fotowerkstätten"}},{"module":{"id":"PO 2013 14W2D-WV","id_new":"14 W-GL","name":"14W2D-WV Weiterverarbeitung Druck","category":"I/4 Werkstattpraxis Grafiklabor"}},{"module":{"id":"PO 2013 14W2D-WV","id_new":"14 W-GL","name":"14W2D-WV Weiterverarbeitung Druck","category":"I/4 Werkstattpraxis Grafiklabor"}},{"module":{"id":"PO 2013 14W2D-WV","id_new":"14 W-GL","name":"14W2D-WV Weiterverarbeitung Druck","category":"I/4 Werkstattpraxis Grafiklabor"}},{"module":{"id":"PO 2013 14W2D-WV","id_new":"14 W-GL","name":"14W2D-WV Weiterverarbeitung Druck","category":"I/4 Werkstattpraxis Grafiklabor"}},{"module":{"id":"PO 2013 14W3D-MW","id_new":"14 W-MW","name":"14W3D-MW Modellierwerkstatt","category":"I/4 Werkstattpraxis Modellierwerkstatt"}},{"module":{"id":"PO 2013 14W3D-MW","id_new":"14 W-MW","name":"14W3D-MW Modellierwerkstatt","category":"I/4 Werkstattpraxis Modellierwerkstatt"}},{"module":{"id":"PO 2013 15PP-KF","id_new":"15 PSs-FM","name":"15PP-KF Flex","category":"I/5 Perspektiven und Social Skills Flex-Modul"}},{"module":{"id":"PO 2013 15PSs-FM","id_new":"15 PSs-FM","name":"15 PSs-FM","category":"I/5 Perspektiven und Social Skills Flex-Modul"}},{"module":{"id":"PO 2013 15PP-PW","id_new":"15 PSs-PW","name":"15PP-PW Projektwochen ","category":"I/5 Perspektiven und Social Skills Projektwochen"}},{"module":{"id":"PO 2013 21FVId-AM","id_new":"21 EId-F","name":"21FVId-AM Advanced Media ","category":"II/1 Entwurf Interfacedesign als Designforschung"}},{"module":{"id":"PO 2013 21FVId-XD","id_new":"21 EId-F","name":"21FVId-XD Interaction Design ","category":"II/1 Entwurf Interfacedesign als Designforschung"}},{"module":{"id":"PO 2013 21FVId-VI","id_new":"21 EId-P","name":"21FVId-VI Visual Interfacedesign ","category":"II/1 Entwurf Interfacedesign als Problemlösung"}},{"module":{"id":"PO 2013 21FVId-Visua","id_new":"21 EId-P","name":"21FVId-Visual Interfacedesign ","category":"II/1 Entwurf Interfacedesign als Problemlösung"}},{"module":{"id":"PO 2013 21FVId-Visua","id_new":"21 EId-P","name":"21FVId-Visual Interfacedesign ","category":"II/1 Entwurf Interfacedesign als Problemlösung"}},{"module":{"id":"PO 2013 21FVId-AM","id_new":"21 EId-P","name":"21FVId-AM Advanced Media ","category":"II/1 Entwurf Interfacedesign als Problemlösung"}},{"module":{"id":"PO 2013 21FVId-SI","id_new":"21 EId-S","name":"21FVId-SI Software Interfaces ","category":"II/1 Entwurf Interfacedesign als Spekulation"}},{"module":{"id":"PO 2013 21FVKd-IL","id_new":"21 EKd-F","name":"21FVKd-IL Illustration ","category":"II/1 Entwurf Kommunikationsdesign als Designforschung"}},{"module":{"id":"PO 2013 21FVKd-AD","id_new":"21 EKd-F","name":"21FVKd-AD Advertising Design ","category":"II/1 Entwurf Kommunikationsdesign als Designforschung"}},{"module":{"id":"PO 2013 21FVKd-FG","id_new":"21 EKd-K","name":"21FVKd-FG Fotografie ","category":"II/1 Entwurf Kommunikationsdesign als Künstlerische Praxis"}},{"module":{"id":"PO 2013 21FVKd-TY","id_new":"21 EKd-K","name":"21FVKd-TY Typografie ","category":"II/1 Entwurf Kommunikationsdesign als Künstlerische Praxis"}},{"module":{"id":"PO 2013 21FVKd-GD","id_new":"21 EKd-K","name":"21FVKd-GD Grafikdesign ","category":"II/1 Entwurf Kommunikationsdesign als Künstlerische Praxis"}},{"module":{"id":"PO 2013 21FVKd-GD","id_new":"21 EKd-K","name":"21FVKd-GD Grafikdesign ","category":"II/1 Entwurf Kommunikationsdesign als Künstlerische Praxis"}},{"module":{"id":"PO 2013 21FVKd-CI","id_new":"21 EKd-P","name":"21FVKd-CI Corporate Identity ","category":"II/1 Entwurf Kommunikationsdesign als Problemlösung"}},{"module":{"id":"PO 2013 21FVKd-TD","id_new":"21 EKd-P","name":"21FVKd-TD Typedesign ","category":"II/1 Entwurf Kommunikationsdesign als Problemlösung"}},{"module":{"id":"PO 2013 21FVKd-AD","id_new":"21 EKd-P","name":"21FVKd-AD Advertising Design ","category":"II/1 Entwurf Kommunikationsdesign als Problemlösung"}},{"module":{"id":"PO 2013 21FVKd-MG","id_new":"21 EKd-P","name":"21FVKd-MG Motiongraphics ","category":"II/1 Entwurf Kommunikationsdesign als Problemlösung"}},{"module":{"id":"PO 2013 22Th-DG","id_new":"21 EPd-F","name":"22Th-DG Designgeschichte ","category":"II/1 Entwurf Produktdesign als Designforschung"}},{"module":{"id":"PO 2013 21FVPd-PU","id_new":"21 EPd-F","name":"21FVPd-PU Produkt","category":"II/1 Entwurf Produktdesign als Designforschung"}},{"module":{"id":"PO 2013 21FVPd-PD","id_new":"21 EPd-F","name":"21FVPd-PD Produktdesign ","category":"II/1 Entwurf Produktdesign als Designforschung"}},{"module":{"id":"PO 2013 21FVPd-PD","id_new":"21 EPd-F","name":"21FVPd-PD Produktdesign ","category":"II/1 Entwurf Produktdesign als Designforschung"}},{"module":{"id":"PO 2013 21FVPd-ID","id_new":"21 EPd-K","name":"21FVPd-ID Industrialdesign ","category":"II/1 Entwurf Produktdesign als Künstlerische Praxis"}},{"module":{"id":"PO 2013 21FVPd-PU","id_new":"21 EPd-P","name":"21FVPd-PU Produkt","category":"II/1 Entwurf Produktdesign als Problemlösung"}},{"module":{"id":"PO 2013 22Th-DG","id_new":"22 Th-DKG","name":"22Th-DG Designgeschichte ","category":"II/2 Theorie Design-/Kulturgeschichte"}},{"module":{"id":"PO 2013 22Th-DM","id_new":"22 Th-DMR","name":"22Th-DM Designmanagement ","category":"II/2 Theorie DesignManagement und -recht"}},{"module":{"id":"PO 2013 22Th-DM","id_new":"22 Th-DMR","name":"22Th-DM Designmanagement ","category":"II/2 Theorie DesignManagement und -recht"}},{"module":{"id":"PO 2013 22Th-DM","id_new":"22 Th-DMR","name":"22Th-DM Designmanagement ","category":"II/2 Theorie DesignManagement und -recht"}},{"module":{"id":"PO 2013 22Th-DM","id_new":"22 Th-DMR","name":"22Th-DM Designmanagement ","category":"II/2 Theorie DesignManagement und -recht"}},{"module":{"id":"PO 2013 22Th-DM","id_new":"22 Th-DMR","name":"22Th-DM Designmanagement ","category":"II/2 Theorie DesignManagement und -recht"}},{"module":{"id":"PO 2013 22Th-DT","id_new":"22 Th-DMT","name":"22Th-DT Design","category":"II/2 Theorie Design-/Medientheorie"}},{"module":{"id":"PO 2013 22Th-DT","id_new":"22 Th-DMT","name":"22Th-DT Design","category":"II/2 Theorie Design-/Medientheorie"}},{"module":{"id":"PO 2013 23PP-HT","id_new":"24 PSs-AT","name":"23PP-HT ","category":"II/4 Perspektiven und Social skills Atelier"}},{"module":{"id":"PO 2013 23PP-HT","id_new":"24 PSs-AT","name":"23PP-HT ","category":"II/4 Perspektiven und Social skills Atelier"}},{"module":{"id":"PO 2013 23PP-KF","id_new":"24 PSs-FM","name":"23PP-KF Flex","category":"II/4 Perspektiven und Social skills Flex-Modul"}},{"module":{"id":"PO 2013 23PP-KF","id_new":"24 PSs-FM","name":"23PP-KF ","category":"II/4 Perspektiven und Social skills Flex-Modul"}},{"module":{"id":"PO 2013 23PP-HT","id_new":"24 PSs-HT","name":"23PP-HT ","category":"II/4 Perspektiven und Social skills Handwerk/Technik"}},{"module":{"id":"PO 2013 23PP-HT","id_new":"24 PSs-HT","name":"23PP-HT Handwerk / Technik ","category":"II/4 Perspektiven und Social skills Handwerk/Technik"}},{"module":{"id":"PO 2013 23PP-HT","id_new":"24 PSs-HT","name":"23PP-HT ","category":"II/4 Perspektiven und Social skills Handwerk/Technik"}},{"module":{"id":"PO 2013 22Th-DG","id_new":"24 PSs-PO","name":"22Th-DG Designgeschichte ","category":"II/4 Perspektiven und Social skills Projektorganisation"}},{"module":{"id":"PO 2013 24PP-PW","id_new":"24 PSs-PW","name":"24PP-PW Projektwochen ","category":"II/4 Perspektiven und Social skills Projektwochen"}}]}